City_ID,City,Country,Date,Lat,Lng,Max Temp,Humidity,Cloudiness,Wind Speed
0,Qaanaaq,GL,2022-04-19 22:50:59,77.484,-69.3632,-3.91,81,99,5.44
1,Lavrentiya,RU,2022-04-19 22:55:09,65.5833,-171.0,29.93,73,3,5.17
2,Guerrero Negro,MX,2022-04-19 22:52:21,27.9769,-114.0611,68.45,62,93,20.67
3,Mount Gambier,AU,2022-04-19 22:55:09,-37.8333,140.7667,55.31,94,40,6.91
4,Ngunguru,NZ,2022-04-19 22:55:10,-35.6167,174.5,67.91,94,63,15.97
5,Bambous Virieux,MU,2022-04-19 22:55:10,-20.3428,57.7575,79.21,94,40,6.91
6,Gillette,US,2022-04-19 22:55:10,44.2911,-105.5022,64.11,23,100,15.01
7,Ushuaia,AR,2022-04-19 22:55:11,-54.8,-68.3,47.86,66,40,10.36
8,Khatanga,RU,2022-04-19 22:55:11,71.9667,102.5,-4.31,100,99,4.23
9,Gobabis,NA,2022-04-19 22:55:11,-22.45,18.9667,59.54,43,27,9.42
10,Narsaq,GL,2022-04-19 22:55:12,60.9167,-46.05,30.34,41,5,18.54
11,Cherskiy,RU,2022-04-19 22:55:12,68.75,161.3,28.45,80,13,9.53
12,Kruisfontein,ZA,2022-04-19 22:55:13,-34.0033,24.7314,60.89,93,2,5.39
13,Jamestown,US,2022-04-19 22:50:36,42.097,-79.2353,35.71,75,100,18.41
14,Mataura,NZ,2022-04-19 22:55:13,-46.1927,168.8643,57.47,59,100,3.96
15,Boca Do Acre,BR,2022-04-19 22:51:15,-8.7522,-67.3978,75.02,94,77,1.23
16,Vytegra,RU,2022-04-19 22:55:14,61.0064,36.4481,34.68,99,91,1.7
17,Rikitea,PF,2022-04-19 22:55:14,-23.1203,-134.9692,77.76,75,45,16.49
18,Thompson,CA,2022-04-19 22:53:56,55.7435,-97.8558,30.36,69,75,6.91
19,Bredasdorp,ZA,2022-04-19 22:55:14,-34.5322,20.0403,60.64,87,1,3.83
20,Ilulissat,GL,2022-04-19 22:55:15,69.2167,-51.1,-3.87,95,93,8.16
21,Hobart,AU,2022-04-19 22:50:55,-42.8794,147.3294,59.25,72,20,11.5
22,Port Alfred,ZA,2022-04-19 22:55:15,-33.5906,26.891,66.18,90,66,3.0
23,Vaini,TO,2022-04-19 22:55:16,-21.2,-175.2,77.16,94,75,10.36
24,Sao Joao Da Barra,BR,2022-04-19 22:51:53,-21.6403,-41.0511,73.45,81,38,8.1
25,Xihe,CN,2022-04-19 22:55:16,31.6864,113.4659,60.62,73,100,5.14
26,Virginia Beach,US,2022-04-19 22:55:01,36.8529,-75.978,56.05,37,36,7.0
27,Saint-Philippe,RE,2022-04-19 22:55:17,-21.3585,55.7679,78.39,81,57,3.87
28,Port Hedland,AU,2022-04-19 22:55:17,-20.3167,118.5667,77.05,44,12,8.05
29,Hermanus,ZA,2022-04-19 22:54:13,-34.4187,19.2345,63.81,68,11,9.64
30,New Norfolk,AU,2022-04-19 22:55:17,-42.7826,147.0587,59.72,71,98,1.01
31,Bluff,NZ,2022-04-19 22:55:18,-46.6,168.3333,57.79,72,100,7.85
32,Port Elizabeth,ZA,2022-04-19 22:54:52,-33.918,25.5701,66.31,93,0,12.66
33,Longyearbyen,SJ,2022-04-19 22:51:02,78.2186,15.6401,22.84,86,75,2.3
34,Evensk,RU,2022-04-19 22:55:18,61.95,159.2333,25.39,88,100,1.68
35,Lucapa,AO,2022-04-19 22:55:19,-8.4192,20.7447,66.61,94,65,1.48
36,Calamar,CO,2022-04-19 22:55:19,10.2511,-74.9146,82.56,68,100,5.88
37,Punta Arenas,CL,2022-04-19 22:50:44,-53.15,-70.9167,46.51,66,0,11.5
38,Chokurdakh,RU,2022-04-19 22:55:19,70.6333,147.9167,17.35,92,91,5.17
39,Buzmeyin,TM,2022-04-19 22:55:20,38.0507,58.2056,58.73,77,40,2.3
40,Harper,LR,2022-04-19 22:55:20,4.375,-7.7169,80.13,83,85,6.11
41,Mahebourg,MU,2022-04-19 22:55:20,-20.4081,57.7,79.25,94,40,6.91
42,Tasiilaq,GL,2022-04-19 22:55:21,65.6145,-37.6368,29.08,86,100,11.79
43,Kapaa,US,2022-04-19 22:52:11,22.0752,-159.319,77.47,74,40,20.71
44,Nizhniy Ufaley,RU,2022-04-19 22:55:21,55.9153,59.9842,38.35,97,100,2.51
45,Merauke,ID,2022-04-19 22:55:05,-8.4667,140.3333,79.18,87,80,3.85
46,Lagoa,PT,2022-04-19 22:55:22,39.05,-27.9833,59.34,71,95,8.79
47,Diapaga,BF,2022-04-19 22:55:22,12.0708,1.7889,90.63,20,78,4.94
48,Busselton,AU,2022-04-19 22:56:22,-33.65,115.3333,53.11,86,1,10.07
49,Albany,US,2022-04-19 22:54:23,42.6001,-73.9662,42.17,67,56,1.01
50,Sarkand,KZ,2022-04-19 22:56:23,45.41,79.9186,46.04,49,100,1.5
51,Mumford,GH,2022-04-19 22:56:23,5.2618,-0.759,80.67,84,80,3.06
52,Deniliquin,AU,2022-04-19 22:56:24,-35.5333,144.9667,54.75,75,0,8.61
53,Santa Cruz Cabralia,BR,2022-04-19 22:56:24,-16.2781,-39.0247,77.23,69,75,5.75
54,Bemidji,US,2022-04-19 22:54:28,47.4736,-94.8803,41.18,42,0,13.8
55,Barrow,US,2022-04-19 22:56:24,71.2906,-156.7887,12.47,88,90,9.01
56,Samarai,PG,2022-04-19 22:52:18,-10.6167,150.6667,81.91,79,96,14.03
57,Bathsheba,BB,2022-04-19 22:56:25,13.2167,-59.5167,79.41,73,20,20.71
58,Ponta Delgada,PT,2022-04-19 22:56:25,37.7333,-25.6667,61.5,63,40,6.91
59,Zapolyarnyy,RU,2022-04-19 22:56:25,69.4154,30.8136,34.88,96,100,3.49
60,Tikapur,NP,2022-04-19 22:56:26,28.5,81.1333,77.45,22,0,4.99
61,Kavaratti,IN,2022-04-19 22:56:26,10.5669,72.642,84.65,77,19,12.84
62,Petropavlovsk-Kamchatskiy,RU,2022-04-19 22:56:27,53.0452,158.6483,37.99,38,0,20.13
63,Karlskoga,SE,2022-04-19 22:56:27,59.3267,14.5239,47.52,77,0,3.09
64,San Rafael,AR,2022-04-19 22:56:27,-34.6177,-68.3301,66.38,47,45,6.51
65,Te Anau,NZ,2022-04-19 22:56:28,-45.4167,167.7167,58.23,71,100,1.97
66,Henties Bay,NA,2022-04-19 22:56:06,-22.116,14.2845,69.24,65,41,3.51
67,Kodiak,US,2022-04-19 22:56:28,57.79,-152.4072,38.71,81,100,13.8
68,Gat,IL,2022-04-19 22:56:28,31.61,34.7642,61.48,100,0,3.98
69,Alofi,NU,2022-04-19 22:52:21,-19.0595,-169.9187,80.49,83,75,8.05
70,Honiara,SB,2022-04-19 22:56:29,-9.4333,159.95,84.45,70,63,5.06
71,Norman Wells,CA,2022-04-19 22:56:29,65.282,-126.8329,33.84,32,0,10.36
72,Boa Vista,BR,2022-04-19 22:56:03,2.8197,-60.6733,91.38,49,75,8.05
73,Trofors,NO,2022-04-19 22:56:30,65.5333,13.4063,40.48,97,99,3.89
74,Natal,BR,2022-04-19 22:53:31,-5.795,-35.2094,82.62,78,20,9.22
75,Netivot,IL,2022-04-19 22:56:30,31.4222,34.5886,52.61,81,0,5.86
76,Sao Miguel Do Guama,BR,2022-04-19 22:56:30,-1.6267,-47.4833,75.42,96,100,3.83
77,Tura,IN,2022-04-19 22:56:31,25.5198,90.2201,66.87,92,95,2.28
78,Chapais,CA,2022-04-19 22:56:31,49.7834,-74.8492,31.78,95,100,9.89
79,Ahtopol,BG,2022-04-19 22:56:32,42.1,27.95,39.79,87,7,7.0
80,Abrau-Dyurso,RU,2022-04-19 22:56:32,44.69,37.59,47.66,97,100,4.72
81,Astana,KZ,2022-04-19 22:56:32,51.1801,71.446,40.95,81,19,8.95
82,Assiniboia,CA,2022-04-19 22:56:33,49.6334,-105.9845,39.02,56,100,11.5
83,Porto Velho,BR,2022-04-19 22:55:48,-8.7619,-63.9039,78.85,89,40,3.44
84,Mar Del Plata,AR,2022-04-19 22:52:08,-38.0023,-57.5575,64.87,93,0,14.0
85,Nabire,ID,2022-04-19 22:56:33,-3.3667,135.4833,80.69,79,98,1.95
86,Cayenne,GF,2022-04-19 22:56:33,4.9333,-52.3333,76.08,1,75,2.3
87,Saskylakh,RU,2022-04-19 22:56:34,71.9167,114.0833,0.1,97,88,4.56
88,Aloja,LV,2022-04-19 22:56:17,57.7669,24.8825,40.26,85,0,7.87
89,Knysna,ZA,2022-04-19 22:56:34,-34.0363,23.0471,65.1,57,1,4.99
90,Hithadhoo,MV,2022-04-19 22:56:34,-0.6,73.0833,82.94,70,90,4.97
91,Cockburn Town,TC,2022-04-19 22:57:35,21.4612,-71.1419,73.36,88,75,9.22
92,Puerto Ayora,EC,2022-04-19 22:57:35,-0.7393,-90.3518,78.76,85,80,8.14
93,Verkhoyansk,RU,2022-04-19 22:57:35,67.5447,133.385,25.03,88,98,2.55
94,Atuona,PF,2022-04-19 22:57:36,-9.8,-139.0333,79.47,72,32,17.9
95,Fortuna,US,2022-04-19 22:57:36,40.5982,-124.1573,58.86,66,20,8.05
96,Lorengau,PG,2022-04-19 22:57:36,-2.0226,147.2712,84.94,69,68,11.1
97,Praia Da Vitoria,PT,2022-04-19 22:57:37,38.7333,-27.0667,59.76,94,75,9.31
98,Mumbwa,ZM,2022-04-19 22:57:37,-14.9783,27.0619,62.02,96,32,4.21
99,Alice Springs,AU,2022-04-19 22:57:37,-23.7,133.8833,54.95,50,5,0.0
100,Flin Flon,CA,2022-04-19 22:57:38,54.7682,-101.865,40.84,36,75,5.75
101,Denpasar,ID,2022-04-19 22:56:39,-8.65,115.2167,80.26,88,75,1.14
102,Upernavik,GL,2022-04-19 22:57:38,72.7868,-56.1549,-5.17,94,100,5.5
103,Celestun,MX,2022-04-19 22:57:38,20.8667,-90.4,82.0,68,1,20.22
104,Jumla,NP,2022-04-19 22:57:39,29.2747,82.1838,48.92,57,0,4.74
105,Taltal,CL,2022-04-19 22:57:39,-25.4,-70.4833,60.78,83,82,2.95
106,Dogondoutchi,NE,2022-04-19 22:57:39,13.6393,4.0287,86.29,31,55,8.3
107,Istok,XK,2022-04-19 22:57:40,42.7808,20.4875,40.95,73,100,1.25
108,Naryan-Mar,RU,2022-04-19 22:57:40,67.6713,53.087,18.54,88,86,11.95
109,Zalari,RU,2022-04-19 22:57:40,53.5584,102.5065,27.97,86,82,6.33
110,Saldanha,ZA,2022-04-19 22:57:41,-33.0117,17.9442,69.03,38,33,8.14
111,Kiama,AU,2022-04-19 22:55:04,-34.6833,150.8667,67.57,66,15,13.0
112,Chuy,UY,2022-04-19 22:57:41,-33.6971,-53.4616,64.17,87,4,9.17
113,Kununurra,AU,2022-04-19 22:57:41,-15.7667,128.7333,78.78,89,85,3.44
114,Yhu,PY,2022-04-19 22:57:42,-25.05,-55.9167,64.54,84,0,5.17
115,Sitka,US,2022-04-19 22:57:42,57.0531,-135.33,47.44,56,94,1.25
116,Mandera,KE,2022-04-19 22:57:42,3.9366,41.867,84.38,60,94,15.12
117,Alihe,CN,2022-04-19 22:57:43,50.5667,123.7167,50.76,65,100,1.86
118,Bara,NG,2022-04-19 22:57:43,10.3744,10.7288,83.79,48,65,3.51
119,San Cristobal,VE,2022-04-19 22:57:23,7.7669,-72.225,73.58,65,100,0.31
120,Pevek,RU,2022-04-19 22:57:43,69.7008,170.3133,20.07,84,31,3.49
121,Jiwani,PK,2022-04-19 22:57:44,25.05,61.7417,78.39,68,0,8.16
122,Tilichiki,RU,2022-04-19 22:57:44,60.4667,166.1,20.55,86,57,5.21
123,Saint-Francois,FR,2022-04-19 22:57:44,46.4154,3.9054,44.04,87,0,2.3
124,Yellowknife,CA,2022-04-19 22:57:45,62.456,-114.3525,30.72,31,20,9.22
125,College,US,2022-04-19 22:57:45,64.8569,-147.8028,45.23,28,0,14.97
126,Sovetskaya Gavan,RU,2022-04-19 22:57:45,48.9723,140.2878,45.64,76,100,7.05
127,Port Arthur,CN,2022-04-19 22:57:46,38.8,121.2667,59.22,66,0,13.87
128,Leningradskiy,RU,2022-04-19 22:57:46,69.3833,178.4167,24.46,84,64,5.5
129,Manta,EC,2022-04-19 22:57:46,-0.95,-80.7333,82.18,78,40,5.75
130,Port Pirie,AU,2022-04-19 22:57:47,-33.1833,138.0167,53.69,78,36,7.83
131,Lakes Entrance,AU,2022-04-19 22:57:47,-37.8811,147.981,58.15,76,0,10.22
132,Paamiut,GL,2022-04-19 22:57:47,61.994,-49.6678,19.56,67,35,30.58
133,Lagunas,PE,2022-04-19 22:57:48,-5.2269,-75.6753,77.81,82,49,3.09
134,Grindavik,IS,2022-04-19 22:57:48,63.8424,-22.4338,43.27,75,75,18.41
135,Vardo,NO,2022-04-19 22:57:48,70.3705,31.1107,36.01,88,100,11.63
136,Mehamn,NO,2022-04-19 22:58:49,71.0357,27.8492,36.95,96,100,9.17
137,Atkarsk,RU,2022-04-19 22:58:49,51.8718,45.0078,59.02,67,100,7.02
138,Nikolskoye,RU,2022-04-19 22:58:49,59.7035,30.7861,35.49,92,32,5.01
139,Shafranovo,RU,2022-04-19 22:58:50,53.9667,54.7667,51.55,75,99,4.9
140,Ancud,CL,2022-04-19 22:58:50,-41.8697,-73.8203,49.23,83,30,4.61
141,East London,ZA,2022-04-19 22:55:01,-33.0153,27.9116,67.66,84,65,9.86
142,Fairbanks,US,2022-04-19 22:54:15,64.8378,-147.7164,45.25,27,0,14.97
143,Nieuw Amsterdam,SR,2022-04-19 22:58:50,5.8833,-55.0833,80.02,85,40,5.75
144,Moose Factory,CA,2022-04-19 22:58:51,51.2585,-80.6094,30.2,64,20,19.57
145,Sinjar,IQ,2022-04-19 22:58:51,36.3209,41.8754,64.71,40,67,10.6
146,Moerai,PF,2022-04-19 22:58:51,-22.4333,-151.3333,76.66,75,74,10.89
147,Safaga,EG,2022-04-19 22:58:52,26.7292,33.9365,74.41,37,0,21.81
148,Tsagan Aman,RU,2022-04-19 22:58:52,47.5639,46.7218,58.71,45,88,13.78
149,Severo-Kurilsk,RU,2022-04-19 22:58:52,50.6789,156.125,31.68,76,34,13.42
150,Palmer,US,2022-04-19 22:56:01,42.1584,-72.3287,45.25,60,60,1.99
151,Coffs Harbour,AU,2022-04-19 22:58:53,-30.3,153.1333,75.16,64,1,8.05
152,Avarua,CK,2022-04-19 22:57:12,-21.2078,-159.775,80.65,78,75,6.91
153,Pasni,PK,2022-04-19 22:58:53,25.2631,63.471,78.51,86,0,5.17
154,San Patricio,US,2022-04-19 22:58:53,28.017,-97.5169,75.88,76,100,20.85
155,Parrita,CR,2022-04-19 22:58:54,9.5201,-84.3225,82.45,72,54,6.89
156,The Valley,AI,2022-04-19 22:58:54,18.217,-63.0578,80.46,69,20,14.97
157,Laguna,US,2022-04-19 22:56:11,38.421,-121.4238,70.43,43,0,8.05
158,Rockland,US,2022-04-19 22:58:54,41.1668,-74.0496,47.97,54,55,4.0
159,Mayo,US,2022-04-19 22:58:55,38.8876,-76.5119,50.25,44,100,18.41
160,Bambanglipuro,ID,2022-04-19 22:58:55,-7.95,110.2833,74.64,88,100,5.59
161,Kaitangata,NZ,2022-04-19 22:58:55,-46.2817,169.8464,60.6,58,99,3.4
162,Paso De Carrasco,UY,2022-04-19 22:58:56,-34.8603,-56.0522,68.14,88,40,4.61
163,Chara,RU,2022-04-19 22:58:56,56.9064,118.2631,19.29,80,87,2.48
164,Christchurch,NZ,2022-04-19 22:57:41,-43.5333,172.6333,66.33,80,57,16.11
165,Castro,BR,2022-04-19 22:58:56,-24.7911,-50.0119,58.15,85,1,2.53
166,Dikson,RU,2022-04-19 22:58:56,73.5069,80.5464,8.64,95,100,4.81
167,Goderich,CA,2022-04-19 22:58:57,43.7501,-81.7165,39.9,75,100,18.41
168,Hilo,US,2022-04-19 22:54:08,19.7297,-155.09,83.28,77,11,7.0
169,Nelson Bay,AU,2022-04-19 22:58:57,-32.7167,152.15,67.08,67,0,20.51
170,Kaeo,NZ,2022-04-19 22:58:33,-35.1,173.7833,71.33,92,85,11.74
171,Cabo San Lucas,MX,2022-04-19 22:58:58,22.8909,-109.9124,89.62,54,0,9.69
172,Rovinj,HR,2022-04-19 22:58:58,45.08,13.64,52.29,81,85,20.6
173,Tortosa,ES,2022-04-19 22:58:58,40.8125,0.5216,55.24,79,100,9.42
174,Dongsheng,CN,2022-04-19 22:58:59,39.8161,109.9776,45.01,33,0,14.47
175,Atar,MR,2022-04-19 22:58:59,20.5169,-13.0499,85.21,19,47,6.87
176,Vostok,RU,2022-04-19 22:58:59,46.4856,135.8833,50.58,54,77,6.78
177,Imbituba,BR,2022-04-19 22:59:00,-28.24,-48.6703,65.48,85,1,2.71
178,Talnakh,RU,2022-04-19 22:59:00,69.4865,88.3972,-3.86,99,97,2.21
179,Lima,PE,2022-04-19 22:57:42,-12.0432,-77.0282,66.45,77,40,13.8
180,Krutikha,RU,2022-04-19 22:59:00,53.9599,81.2093,37.53,55,100,4.14
181,Mahajanga,MG,2022-04-19 22:59:01,-15.7167,46.3167,77.02,94,20,1.14
182,Xushan,CN,2022-04-19 22:59:01,30.1764,121.2457,53.53,72,65,3.4
183,Georgetown,MY,2022-04-19 22:59:01,5.4112,100.3354,78.73,93,20,3.44
184,Rolla,US,2022-04-19 22:55:11,37.9514,-91.7713,62.74,20,46,5.99
185,Katsuura,JP,2022-04-19 23:00:02,35.1333,140.3,58.55,79,99,13.2
186,Antalaha,MG,2022-04-19 23:00:03,-14.9003,50.2788,75.0,89,15,7.07
187,Mitu,CO,2022-04-19 23:00:07,1.1983,-70.1733,73.69,98,75,2.62
188,Victoria,HK,2022-04-19 22:55:11,22.2855,114.1577,68.38,86,100,5.99
189,Tharad,IN,2022-04-19 23:00:10,24.3961,71.6267,81.1,62,87,8.08
190,Vila Franca Do Campo,PT,2022-04-19 23:00:11,37.7167,-25.4333,61.2,70,70,9.73
191,Oskaloosa,US,2022-04-19 23:00:11,41.2964,-92.6444,49.98,34,100,10.36
192,Flinders,AU,2022-04-19 23:00:12,-34.5833,150.8552,67.37,66,11,8.01
193,Valle De Juarez,MX,2022-04-19 23:00:12,19.9333,-102.9333,82.51,21,15,13.91
194,Susanville,US,2022-04-19 23:00:13,40.4163,-120.653,50.92,43,91,15.99
195,Meulaboh,ID,2022-04-19 23:00:16,4.1363,96.1285,75.63,89,100,4.94
196,Lazaro Cardenas,MX,2022-04-19 23:00:05,17.9583,-102.2,82.71,54,1,8.84
197,Puerto Narino,CO,2022-04-19 23:00:17,-3.7703,-70.3831,73.44,97,99,2.53
198,Airai,TL,2022-04-19 23:00:17,-8.9266,125.4092,63.82,69,40,1.9
199,Almaznyy,RU,2022-04-19 23:00:18,48.0448,40.045,54.28,97,100,2.75
200,Suihua,CN,2022-04-19 23:00:18,46.6406,126.9969,62.15,29,22,21.77
201,Hirara,JP,2022-04-19 23:00:19,24.8,125.2833,70.77,60,100,9.98
202,Thinadhoo,MV,2022-04-19 23:00:19,0.5333,72.9333,83.21,67,74,3.69
203,Svetlogorsk,BY,2022-04-19 23:00:20,52.6333,29.7333,44.6,99,100,2.89
204,Arraial Do Cabo,BR,2022-04-19 23:00:20,-22.9661,-42.0278,74.16,81,0,8.23
205,Dakar,SN,2022-04-19 22:59:21,14.6937,-17.4441,70.68,88,0,4.61
206,Souillac,MU,2022-04-19 23:00:21,-20.5167,57.5167,77.0,88,65,8.34
207,Sao Jose Da Coroa Grande,BR,2022-04-19 23:00:21,-8.8978,-35.1478,78.17,85,79,7.54
208,Takhtamygda,RU,2022-04-19 23:00:22,54.1,123.5667,31.6,79,100,7.7
209,Tarragona,ES,2022-04-19 22:59:09,41.129,1.249,58.33,76,0,5.75
210,Bengkulu,ID,2022-04-19 23:00:22,-3.8004,102.2655,76.15,89,100,6.06
211,Salinopolis,BR,2022-04-19 23:00:23,-0.6136,-47.3561,79.0,85,80,7.27
212,Colares,PT,2022-04-19 23:00:24,38.7992,-9.4469,56.28,61,59,35.99
213,Kayes,ML,2022-04-19 23:00:24,14.0,-11.0,92.12,10,12,6.13
214,Vetluga,RU,2022-04-19 23:00:25,57.8557,45.781,33.48,88,40,2.93
215,Yumen,CN,2022-04-19 23:00:25,40.2833,97.2,52.83,11,98,13.18
216,Ugoofaaru,MV,2022-04-19 23:00:26,5.6667,73.0,84.11,74,92,9.24
217,Bethel,US,2022-04-19 23:00:26,41.3712,-73.414,47.93,55,55,3.0
218,At-Bashi,KG,2022-04-19 23:00:26,41.1702,75.8106,49.87,54,76,1.41
219,Chingola,ZM,2022-04-19 23:00:27,-12.529,27.8838,60.4,96,11,3.98
220,Pinheiro,BR,2022-04-19 23:00:27,-2.5214,-45.0825,75.09,98,100,3.11
221,Canton,CN,2022-04-19 22:57:10,23.1167,113.25,62.55,77,100,2.75
222,Quzhou,CN,2022-04-19 23:00:28,28.9594,118.8686,59.4,78,33,1.54
223,Manjeshwar,IN,2022-04-19 23:00:28,12.7194,74.8861,81.55,81,88,4.85
224,Peachtree City,US,2022-04-19 23:00:29,33.3968,-84.5958,64.56,31,0,8.05
225,Oum Hadjer,TD,2022-04-19 23:00:29,13.2954,19.6966,88.92,17,36,15.23
226,Iqaluit,CA,2022-04-19 23:00:14,63.7506,-68.5145,13.69,61,100,5.01
227,Ribeira Grande,PT,2022-04-19 23:00:30,38.5167,-28.7,61.02,70,35,9.42
228,Kloulklubed,PW,2022-04-19 23:00:30,7.0419,134.2556,79.3,75,100,13.35
229,Vanavara,RU,2022-04-19 23:00:31,60.34,102.2797,25.3,94,100,7.09
230,Trincomalee,LK,2022-04-19 23:00:31,8.5711,81.2335,79.99,83,57,3.87
231,Labuhan,ID,2022-04-19 23:01:32,-6.8844,112.2051,75.58,92,100,3.11
232,Olafsvik,IS,2022-04-19 23:01:32,64.8945,-23.7142,42.26,78,100,18.75
233,Nantucket,US,2022-04-19 22:58:50,41.2835,-70.0995,48.0,75,88,25.19
234,Igrim,RU,2022-04-19 23:01:32,63.1906,64.4162,28.87,94,27,7.05
235,Bayan,CN,2022-04-19 23:01:33,46.0833,127.4,63.48,30,39,24.7
236,Griffith,US,2022-04-19 23:00:26,41.5284,-87.4237,50.14,57,0,10.36
237,Havoysund,NO,2022-04-19 23:01:33,70.9963,24.6622,35.83,97,93,9.53
238,Isoka,ZM,2022-04-19 23:01:33,-10.1606,32.6335,60.49,98,37,0.56
239,Lufilufi,WS,2022-04-19 23:01:34,-13.8745,-171.5986,86.79,71,21,15.82
240,Clyde River,CA,2022-04-19 23:01:34,70.4692,-68.5914,-10.05,89,50,3.29
241,Aljustrel,PT,2022-04-19 23:01:35,37.8776,-8.1652,48.15,67,14,18.66
242,Vao,NC,2022-04-19 23:01:35,-22.6667,167.4833,75.2,70,0,5.17
243,Esperance,AU,2022-04-19 23:01:03,-33.8667,121.9,57.04,68,66,7.38
244,Maniitsoq,GL,2022-04-19 23:01:35,65.4167,-52.9,13.15,72,98,11.59
245,Khandyga,RU,2022-04-19 23:01:36,62.6667,135.6,29.25,91,100,7.99
246,Angoram,PG,2022-04-19 23:01:36,-4.0625,144.0661,79.72,84,93,2.98
247,Gorin,RU,2022-04-19 23:01:36,51.1983,136.6669,45.25,78,89,4.65
248,Patiya,BD,2022-04-19 23:01:21,22.2931,91.9762,74.16,97,12,2.68
249,Korla,CN,2022-04-19 22:59:57,41.7597,86.1469,62.28,20,97,4.32
250,Butaritari,KI,2022-04-19 23:01:37,3.0707,172.7902,81.57,75,73,17.18
251,Naze,JP,2022-04-19 23:01:37,28.3667,129.4833,65.26,60,90,5.53
252,Auki,SB,2022-04-19 23:01:37,-8.7676,160.7034,84.65,67,39,2.59
253,Ericeira,PT,2022-04-19 23:01:38,38.9627,-9.4156,56.3,68,60,32.5
254,Lebu,CL,2022-04-19 23:01:38,-37.6167,-73.65,54.28,95,100,0.87
255,Sept-Iles,CA,2022-04-19 23:01:38,50.2001,-66.3821,30.72,97,100,28.77
256,Nizwa,OM,2022-04-19 23:01:39,22.9333,57.5333,77.86,13,0,2.82
257,Santa Maria,BR,2022-04-19 23:01:39,-29.6842,-53.8069,64.42,80,22,4.5
258,Lompoc,US,2022-04-19 23:01:40,34.6391,-120.4579,77.56,75,0,18.99
259,San Quintin,MX,2022-04-19 23:01:40,30.4833,-115.95,67.91,59,100,22.7
260,Banepa,NP,2022-04-19 23:01:40,27.6298,85.5214,59.32,88,40,3.44
261,Regina,CA,2022-04-19 22:59:13,50.4501,-104.6178,30.18,85,100,23.02
262,Taoudenni,ML,2022-04-19 22:58:37,22.6783,-3.9836,82.74,9,84,4.29
263,Praya,CV,2022-04-19 23:01:41,14.9215,-23.5087,72.14,73,20,14.97
264,Shimoda,JP,2022-04-19 23:01:41,34.6667,138.95,51.1,85,60,14.85
265,Zastron,ZA,2022-04-19 23:01:41,-30.3023,27.084,51.82,60,0,3.6
266,Spisska Nova Ves,SK,2022-04-19 23:01:42,48.9446,20.5615,31.19,86,74,3.27
267,Cairns,AU,2022-04-19 23:01:24,-16.9167,145.7667,83.07,79,75,11.5
268,Kokopo,PG,2022-04-19 23:01:42,-4.352,152.2633,82.47,71,64,0.96
269,Portland,US,2022-04-19 22:57:08,45.5234,-122.6762,49.23,87,100,8.01
270,Alghero,IT,2022-04-19 23:01:43,40.5589,8.3181,53.69,94,0,0.0
271,Nyurba,RU,2022-04-19 23:01:43,63.2842,118.3319,17.67,90,100,8.37
272,Harbour Breton,CA,2022-04-19 23:01:43,47.4833,-55.7983,34.93,79,95,18.45
273,Port Moresby,PG,2022-04-19 23:01:44,-9.4431,147.1797,81.54,73,94,1.5
274,Half Moon Bay,US,2022-04-19 22:57:49,37.4636,-122.4286,68.41,56,0,12.66
275,Faanui,PF,2022-04-19 23:02:44,-16.4833,-151.75,81.46,68,21,5.28
276,Kodinsk,RU,2022-04-19 23:02:44,58.6881,99.1844,30.0,93,100,11.32
277,Agadir,MA,2022-04-19 23:02:45,30.4202,-9.5982,63.05,54,67,3.29
278,Sur,OM,2022-04-19 23:02:45,22.5667,59.5289,82.35,54,0,10.54
279,Sorland,NO,2022-04-19 23:02:45,67.667,12.6934,43.74,87,23,12.55
280,Asau,RO,2022-04-19 23:02:46,46.4333,26.4,42.28,86,100,2.66
281,Valera,VE,2022-04-19 23:02:46,9.3178,-70.6036,74.35,89,99,3.36
282,Mucurapo,TT,2022-04-19 23:02:46,10.6667,-61.5333,81.25,76,99,11.3
283,Oxbow,CA,2022-04-19 23:02:47,49.2333,-102.1676,29.64,83,100,17.49
284,Touros,BR,2022-04-19 23:02:47,-5.1989,-35.4608,80.06,76,61,12.8
285,Matara,LK,2022-04-19 23:02:47,5.9485,80.5353,78.28,89,100,6.44
286,Huarmey,PE,2022-04-19 23:02:48,-10.0681,-78.1522,69.49,79,54,9.64
287,Cedral,MX,2022-04-19 23:02:48,23.8,-100.7333,79.38,34,0,18.21
288,Dunedin,NZ,2022-04-19 23:02:48,-45.8742,170.5036,57.79,76,99,5.01
289,Poum,NC,2022-04-19 23:02:49,-20.2333,164.0167,77.99,80,12,5.01
290,Wucheng,CN,2022-04-19 23:02:49,29.6008,118.175,58.91,77,51,1.54
291,Gotsu,JP,2022-04-19 23:02:49,35.0,132.2167,62.37,41,0,4.56
292,Zhigansk,RU,2022-04-19 23:02:50,66.7697,123.3711,23.72,90,98,9.93
293,Cap-Aux-Meules,CA,2022-04-19 23:02:50,47.3821,-61.8597,37.11,88,100,38.16
294,Tiksi,RU,2022-04-19 23:02:50,71.6872,128.8694,4.8,100,100,5.48
295,Garowe,SO,2022-04-19 23:02:51,8.4054,48.4845,74.93,74,2,11.23
296,Hasaki,JP,2022-04-19 23:02:51,35.7333,140.8333,54.0,61,95,11.9
297,Mana,GF,2022-04-19 23:02:51,5.6592,-53.7767,77.63,89,100,10.04
298,Shenjiamen,CN,2022-04-19 23:02:51,29.9576,122.298,57.79,74,13,8.75
299,Killybegs,IE,2022-04-19 23:02:52,54.6333,-8.45,44.49,81,9,2.62
300,Coahuayana,MX,2022-04-19 23:02:52,18.7333,-103.6833,85.17,52,2,6.6
301,Yuzhno-Kurilsk,RU,2022-04-19 23:02:52,44.0306,145.8556,41.74,74,0,12.37
302,Suntar,RU,2022-04-19 23:02:53,62.1444,117.6319,20.64,83,100,8.48
303,Bakchar,RU,2022-04-19 23:02:53,57.0186,82.0711,31.37,84,97,5.17
304,Yenagoa,NG,2022-04-19 23:02:53,4.9247,6.2642,75.67,87,100,3.11
305,Hobyo,SO,2022-04-19 23:02:54,5.3505,48.5268,82.36,69,40,11.54
306,Tahoua,NE,2022-04-19 23:02:54,14.8888,5.2692,88.41,15,80,6.22
307,Channel-Port Aux Basques,CA,2022-04-19 23:02:55,47.5702,-59.1367,35.69,88,100,34.78
308,Cape Town,ZA,2022-04-19 23:02:29,-33.9258,18.4232,68.92,51,43,5.01
309,Porbandar,IN,2022-04-19 23:02:55,21.6422,69.6093,79.2,83,25,14.25
310,Tianpeng,CN,2022-04-19 23:02:55,30.9866,103.9393,52.32,68,0,3.24
311,Luderitz,NA,2022-04-19 23:02:56,-26.6481,15.1594,75.92,34,1,5.7
312,Yuncheng,CN,2022-04-19 23:00:35,35.0231,110.9928,56.68,44,64,2.68
313,Inongo,CD,2022-04-19 23:02:56,-1.95,18.2667,72.45,93,100,3.31
314,Onega,RU,2022-04-19 23:02:56,63.9061,38.1404,34.39,99,99,4.09
315,Kieta,PG,2022-04-19 23:02:57,-6.2167,155.6333,84.09,71,92,4.72
316,Joao Alfredo,BR,2022-04-19 23:02:57,-7.8558,-35.5883,72.25,92,79,6.29
317,Ellwangen,DE,2022-04-19 23:02:57,48.9616,10.1317,42.46,80,3,5.84
318,Odweyne,SO,2022-04-19 23:02:58,9.4092,45.064,78.69,43,68,7.31
319,Adrar,MR,2022-04-19 23:02:58,20.5022,-10.0711,80.74,11,21,10.16
320,Ishinomaki,JP,2022-04-19 23:01:17,38.4167,141.3,49.5,56,0,8.39
321,Yar-Sale,RU,2022-04-19 23:03:59,66.8333,70.8333,26.82,92,100,10.36
322,Formosa Do Rio Preto,BR,2022-04-19 23:03:59,-11.0483,-45.1931,74.35,75,82,2.93
323,Amapa,BR,2022-04-19 23:03:59,1.0,-52.0,73.9,98,100,2.66
324,Byron Bay,AU,2022-04-19 23:00:33,-28.65,153.6167,74.71,72,11,5.41
325,Felipe Carrillo Puerto,MX,2022-04-19 23:04:00,19.5833,-88.05,85.33,50,1,8.57
326,Buchanan,LR,2022-04-19 23:04:00,5.8808,-10.0467,80.82,86,99,6.33
327,Warren,US,2022-04-19 23:03:21,39.4334,-84.1666,50.18,49,75,17.27
328,Salalah,OM,2022-04-19 23:04:00,17.0151,54.0924,80.69,78,40,2.3
329,Nuuk,GL,2022-04-19 23:04:01,64.1835,-51.7216,14.61,79,40,17.27
330,Buala,SB,2022-04-19 23:04:01,-8.145,159.5921,84.13,74,41,7.14
331,Manaus,BR,2022-04-19 23:00:23,-3.1019,-60.025,77.68,89,100,1.12
332,Ambon,ID,2022-04-19 23:04:01,-3.6954,128.1814,80.74,89,20,8.05
333,San Jose,US,2022-04-19 23:01:59,37.3394,-121.895,68.9,48,40,16.11
334,Bubaque,GW,2022-04-19 23:04:02,11.2833,-15.8333,76.15,76,25,13.87
335,Torbay,CA,2022-04-19 23:04:02,47.6666,-52.7314,30.27,81,86,4.0
336,Biltine,TD,2022-04-19 23:04:02,14.5333,20.9167,90.55,19,89,10.42
337,Del Rio,US,2022-04-19 23:04:03,29.3627,-100.8968,70.2,83,100,21.85
338,Inhambane,MZ,2022-04-19 23:04:03,-23.865,35.3833,72.88,89,100,11.21
339,Sangar,RU,2022-04-19 23:04:03,63.9242,127.4739,22.35,93,100,4.05
340,Itoman,JP,2022-04-19 23:04:04,26.1247,127.6694,72.37,62,40,6.91
341,Zyryanka,RU,2022-04-19 23:04:04,65.75,150.85,20.89,81,13,12.77
342,Coihaique,CL,2022-04-19 23:04:04,-45.5752,-72.0662,45.21,76,75,3.44
343,Tuatapere,NZ,2022-04-19 23:04:05,-46.1333,167.6833,59.92,66,100,6.13
344,General Cepeda,MX,2022-04-19 23:01:34,25.3833,-101.45,80.08,36,9,12.46
345,Hauterive,FR,2022-04-19 23:04:05,46.0901,3.4459,54.36,97,98,0.85
346,Ponta Do Sol,PT,2022-04-19 23:04:05,32.6667,-17.1,61.72,64,7,12.75
347,Westport,US,2022-04-19 23:01:23,41.1415,-73.3579,49.82,49,64,8.01
348,Aksarka,RU,2022-04-19 23:04:06,66.5606,67.7975,29.19,94,98,12.55
349,Abu Dhabi,AE,2022-04-19 23:00:22,24.4667,54.3667,74.97,72,3,2.1
350,Innisfail,AU,2022-04-19 22:59:30,-17.5333,146.0333,76.78,82,94,4.59
351,Guanagazapa,GT,2022-04-19 23:04:06,14.2253,-90.6433,92.26,57,44,6.2
352,Husavik,IS,2022-04-19 23:04:07,66.0449,-17.3389,31.14,93,74,4.52
353,Bafoulabe,ML,2022-04-19 23:04:07,13.8065,-10.8321,92.79,11,16,5.77
354,Sao Filipe,CV,2022-04-19 23:04:07,14.8961,-24.4956,71.06,82,65,7.58
355,Saint-Joseph,RE,2022-04-19 23:04:08,-21.3667,55.6167,77.38,81,53,2.01
356,Necochea,AR,2022-04-19 23:04:08,-38.5473,-58.7368,63.39,68,45,8.3
357,Kutum,SD,2022-04-19 23:04:08,14.2,24.6667,80.83,14,75,11.83
358,Dumalag,PH,2022-04-19 23:04:09,11.308,122.6236,78.35,86,29,2.77
359,Basoko,CD,2022-04-19 23:04:09,1.2391,23.616,71.4,96,96,6.73
360,Leshukonskoye,RU,2022-04-19 23:04:09,64.8989,45.7622,33.94,99,100,6.71
361,Ust-Maya,RU,2022-04-19 23:04:10,60.4167,134.5333,28.9,90,94,2.01
362,Kikwit,CD,2022-04-19 23:04:10,-5.041,18.8162,71.73,97,99,1.43
363,Klaksvik,FO,2022-04-19 23:04:10,62.2266,-6.589,43.72,75,9,11.18
364,Dovers,VC,2022-04-19 23:04:11,12.8833,-61.1833,79.2,77,94,19.98
365,Cap Malheureux,MU,2022-04-19 23:04:11,-19.9842,57.6142,79.47,87,100,5.01
366,Yinchuan,CN,2022-04-19 23:04:11,38.4681,106.2731,50.92,22,1,11.9
367,Kambove,CD,2022-04-19 23:04:12,-10.8764,26.5969,60.19,97,8,3.4
368,Namatanai,PG,2022-04-19 23:04:12,-3.6667,152.4333,84.47,68,45,7.27
369,Mackay,AU,2022-04-19 23:05:12,-21.15,149.2,79.68,67,99,8.93
370,Fort Nelson,CA,2022-04-19 23:05:13,58.8053,-122.7002,30.96,72,100,1.5
371,Qaqortoq,GL,2022-04-19 23:05:13,60.7167,-46.0333,27.64,41,1,40.87
372,Stornoway,GB,2022-04-19 23:05:13,58.2093,-6.3865,41.94,96,20,1.14
373,Trairi,BR,2022-04-19 23:04:06,-3.2778,-39.2689,77.67,85,100,5.35
374,Manokwari,ID,2022-04-19 23:05:14,-0.8667,134.0833,81.57,73,88,0.31
375,Itaituba,BR,2022-04-19 23:05:14,-4.2761,-55.9836,75.43,97,96,1.72
376,Iracoubo,GF,2022-04-19 23:01:15,5.4802,-53.2011,77.23,90,100,10.18
377,Lamu,KE,2022-04-19 23:05:14,-2.2717,40.902,82.29,79,98,14.36
378,Na Wa,TH,2022-04-19 23:05:15,17.4897,104.1006,69.33,73,95,4.59
379,Ambilobe,MG,2022-04-19 23:05:15,-13.2,49.05,73.26,95,6,1.95
380,Sabang,ID,2022-04-19 23:05:16,5.8933,95.3214,82.96,74,100,12.21
381,Port Blair,IN,2022-04-19 23:03:32,11.6667,92.75,82.44,73,100,5.12
382,Parabel,RU,2022-04-19 23:05:16,58.6978,81.4825,29.68,93,81,6.08
383,Wattegama,LK,2022-04-19 23:05:16,6.7989,81.4808,75.33,91,96,1.81
384,Acarau,BR,2022-04-19 23:01:09,-2.8856,-40.12,78.82,85,99,9.57
385,Hofn,IS,2022-04-19 23:05:17,64.2539,-15.2082,43.7,85,11,5.95
386,Jalu,LY,2022-04-19 23:05:17,29.0331,21.5482,60.03,51,3,8.79
387,Batagay-Alyta,RU,2022-04-19 23:05:17,67.8006,130.4114,20.52,90,100,0.49
388,Anloga,GH,2022-04-19 23:05:18,5.7947,0.8973,82.36,77,100,3.09
389,Celldomolk,HU,2022-04-19 23:05:18,47.2571,17.1503,42.66,93,100,6.89
390,Eyemouth,GB,2022-04-19 23:00:58,55.8713,-2.0901,42.24,81,100,3.53
391,Neiafu,TO,2022-04-19 23:01:15,-18.65,-173.9833,82.27,75,87,12.95
392,Muriwai Beach,NZ,2022-04-19 23:03:32,-36.8167,174.45,71.35,87,88,15.1
393,Halifax,CA,2022-04-19 23:01:49,44.6453,-63.5724,45.68,96,100,18.01
394,Komsomolskiy,UZ,2022-04-19 23:05:19,40.4272,71.7189,63.32,82,75,4.61
395,Quatre Cocos,MU,2022-04-19 23:05:19,-20.2078,57.7625,79.09,85,97,7.85
396,Nichinan,JP,2022-04-19 23:05:20,31.6,131.3667,63.52,60,100,5.26
397,Nagato,JP,2022-04-19 23:05:20,34.3833,131.2,61.52,47,0,5.06
398,Alibag,IN,2022-04-19 23:05:20,18.6411,72.8792,82.47,75,83,4.12
399,Hami,CN,2022-04-19 23:05:21,42.8,93.45,60.94,21,100,7.09
400,Bonavista,CA,2022-04-19 23:05:21,48.6499,-53.1147,29.12,73,100,17.02
401,Vila Velha,BR,2022-04-19 23:05:21,-20.3297,-40.2925,76.95,78,75,6.91
402,Deputatskiy,RU,2022-04-19 23:05:22,69.3,139.9,10.09,92,98,2.66
403,Daru,PG,2022-04-19 23:05:22,-9.0763,143.2092,81.19,82,56,2.44
404,San Policarpo,PH,2022-04-19 23:05:22,12.1791,125.5072,80.92,84,81,7.78
405,Bani,DO,2022-04-19 23:05:07,18.2833,-70.3333,80.04,76,15,6.82
406,Russell,US,2022-04-19 23:05:23,32.3502,-85.1999,67.96,35,0,3.44
407,Araguacu,BR,2022-04-19 23:05:23,-12.9306,-49.8264,78.15,72,100,2.37
408,Bendigo,AU,2022-04-19 23:05:23,-36.7667,144.2833,55.85,73,3,1.01
409,Tazmalt,DZ,2022-04-19 23:05:24,36.3868,4.3989,63.27,56,63,3.42
410,Saint-Augustin,CA,2022-04-19 23:05:24,51.226,-58.6502,28.54,84,100,17.76
411,Constitucion,CL,2022-04-19 23:00:56,-35.3333,-72.4167,56.82,90,100,2.82
412,Nanortalik,GL,2022-04-19 23:05:24,60.1432,-45.2371,25.54,59,2,29.82
413,Arrifes,PT,2022-04-19 23:06:25,37.7667,-25.7,59.23,63,40,6.91
414,Chernyshevskiy,RU,2022-04-19 23:06:25,63.0128,112.4714,11.3,87,94,3.4
415,Grand Gaube,MU,2022-04-19 23:06:25,-20.0064,57.6608,79.38,87,100,5.01
416,Lososina,RU,2022-04-19 23:06:26,48.9975,140.3106,45.46,78,100,7.52
417,Vrangel,RU,2022-04-19 23:06:26,42.7297,133.0839,46.35,86,0,6.02
418,Ossora,RU,2022-04-19 23:06:26,59.2353,163.0719,26.38,82,83,1.16
419,Mount Isa,AU,2022-04-19 23:06:27,-20.7333,139.5,73.17,25,61,13.8
420,Xixiang,CN,2022-04-19 23:06:27,35.1628,112.865,61.2,39,82,2.57
421,Tacuati,PY,2022-04-19 23:06:27,-23.45,-56.5833,71.01,58,0,3.71
422,Kavieng,PG,2022-04-19 23:06:28,-2.5744,150.7967,84.51,67,94,12.3
423,Wanaka,NZ,2022-04-19 23:06:28,-44.7,169.15,53.11,82,100,3.51
424,Provideniya,RU,2022-04-19 23:06:28,64.3833,-173.3,33.91,64,0,11.18
425,Newport,GB,2022-04-19 23:03:25,51.5877,-2.9984,52.45,75,100,11.1
426,Velenje,SI,2022-04-19 23:06:29,46.3592,15.1103,38.75,95,100,0.63
427,Mitsamiouli,KM,2022-04-19 23:06:29,-11.3847,43.2844,81.09,73,91,7.34
428,Jalalpur Jattan,PK,2022-04-19 23:06:29,32.6374,74.2183,75.07,57,44,0.0
429,Korsakov,RU,2022-04-19 23:06:30,46.6328,142.7813,44.44,72,71,18.7
430,Maceio,BR,2022-04-19 23:02:34,-9.6658,-35.7353,76.44,83,75,10.36
431,San Andres,CO,2022-04-19 23:06:30,12.5847,-81.7006,84.22,70,75,9.22
432,Carnarvon,AU,2022-04-19 23:06:30,-24.8667,113.6333,74.53,61,24,13.27
433,Ulladulla,AU,2022-04-19 23:06:31,-35.35,150.4667,61.77,71,74,3.4
434,Ballina,AU,2022-04-19 23:06:31,-28.8667,153.5667,75.78,86,8,9.42
435,La Palma,US,2022-04-19 23:06:31,33.8464,-118.0467,79.18,54,0,16.11
436,Padang,ID,2022-04-19 23:06:26,-0.9492,100.3543,76.96,88,100,4.16
437,Verkhnyaya Inta,RU,2022-04-19 23:06:32,65.9811,60.3094,28.11,94,100,15.99
438,Paramonga,PE,2022-04-19 23:06:32,-10.6667,-77.8333,67.86,83,76,8.86
439,Dalvik,IS,2022-04-19 23:06:32,65.9702,-18.5286,31.93,92,84,2.91
440,Camana,PE,2022-04-19 23:06:33,-16.6228,-72.7111,68.5,80,90,5.32
441,Barsovo,RU,2022-04-19 23:06:33,61.1667,73.1667,35.73,98,100,7.78
442,Wewak,PG,2022-04-19 23:06:33,-3.5534,143.6268,81.07,82,88,5.3
443,Santa Rosa,PH,2022-04-19 23:06:34,14.3122,121.1114,81.1,72,10,8.99
444,Beringovskiy,RU,2022-04-19 23:06:34,63.05,179.3167,30.92,99,100,4.68
445,Tuktoyaktuk,CA,2022-04-19 23:06:34,69.4541,-133.0374,19.76,85,16,3.89
446,Wanning,CN,2022-04-19 23:06:35,18.8003,110.3967,73.0,88,100,7.34
447,Isangel,VU,2022-04-19 23:06:35,-19.55,169.2667,82.94,72,7,9.13
448,North Bend,US,2022-04-19 23:05:09,43.4065,-124.2243,56.91,85,75,13.8
449,Bud,US,2022-04-19 23:06:35,39.447,-86.1758,52.68,47,36,8.5
450,Geraldton,AU,2022-04-19 23:06:36,-28.7667,114.6,64.81,45,22,13.8
451,Dongfeng,CN,2022-04-19 23:06:36,42.6403,125.5118,58.23,39,1,20.94
452,Fayaoue,NC,2022-04-19 23:06:36,-20.65,166.5333,79.16,77,24,13.47
453,Benjamin Constant,BR,2022-04-19 23:06:37,-4.3831,-70.0311,80.73,78,40,3.44
454,Minas De Barroteran,MX,2022-04-19 23:06:37,27.6333,-101.2833,82.29,51,100,16.2
455,Maragogi,BR,2022-04-19 23:06:37,-9.0122,-35.2225,77.81,86,77,7.81
456,Dalbandin,PK,2022-04-19 23:06:38,28.8947,64.4101,70.29,20,13,9.86
457,Karratha,AU,2022-04-19 23:06:38,-20.7377,116.8463,79.11,47,13,5.77
458,Linhares,BR,2022-04-19 23:06:38,-19.3911,-40.0722,69.01,93,3,3.78
459,Sao Felix Do Xingu,BR,2022-04-19 23:06:38,-6.6447,-51.995,73.94,97,100,1.01
460,Ahuimanu,US,2022-04-19 23:07:39,21.4447,-157.8378,80.31,73,40,23.02
461,Villa Carlos Paz,AR,2022-04-19 23:04:00,-31.4241,-64.4978,68.4,66,78,11.99
462,Port Lincoln,AU,2022-04-19 23:07:39,-34.7333,135.8667,62.89,74,35,9.66
463,Tamiahua,MX,2022-04-19 23:07:39,21.2667,-97.45,80.98,68,29,14.56
464,Khor,RU,2022-04-19 23:07:40,47.8861,134.9464,58.33,41,77,14.25
465,Mareeba,AU,2022-04-19 23:07:40,-17.0,145.4333,77.67,80,60,4.74
466,Huambo,AO,2022-04-19 23:07:41,-12.7761,15.7392,58.75,97,90,2.71
467,Sechura,PE,2022-04-19 23:07:41,-5.5569,-80.8222,75.69,61,89,18.88
468,Baykit,RU,2022-04-19 23:07:41,61.67,96.37,12.18,97,94,4.68
469,Bilibino,RU,2022-04-19 23:07:42,68.0546,166.4372,19.35,80,61,2.59
470,Hervey Bay,AU,2022-04-19 23:07:42,-25.2986,152.8535,80.02,74,0,5.99
471,Ewa Beach,US,2022-04-19 23:07:42,21.3156,-158.0072,80.55,64,40,23.02
472,Pitimbu,BR,2022-04-19 23:07:43,-7.4706,-34.8086,79.39,79,65,7.36
473,Soe,ID,2022-04-19 23:07:43,-9.8607,124.284,69.01,76,89,3.24
474,Broken Hill,AU,2022-04-19 23:03:04,-31.95,141.4333,56.14,60,0,5.44
475,Madimba,TZ,2022-04-19 23:07:43,-10.4,40.3333,75.94,92,96,8.88
476,Kabare,CD,2022-04-19 23:07:44,-2.4683,28.8242,62.51,98,100,1.74
477,Urumqi,CN,2022-04-19 23:07:44,43.801,87.6005,56.35,38,42,2.24
478,Kuna,US,2022-04-19 23:07:44,43.4918,-116.4201,57.56,36,40,4.61
479,Praia,CV,2022-04-19 23:07:45,14.9215,-23.5087,72.14,73,20,14.97
480,Boke,GN,2022-04-19 23:07:45,10.9409,-14.2967,77.38,69,31,6.11
481,Port Hardy,CA,2022-04-19 23:07:45,50.6996,-127.4199,48.97,58,89,7.09
482,Dingle,PH,2022-04-19 23:07:46,10.9995,122.6711,78.4,84,57,7.99
483,Mata,PT,2022-04-19 23:07:46,40.683,-7.4592,47.61,70,31,15.17
484,Kawalu,ID,2022-04-19 23:07:46,-7.3817,108.2082,72.21,91,100,1.66
485,Mocuba,MZ,2022-04-19 23:07:47,-16.8392,36.9856,67.15,98,24,4.94
486,Puro,PH,2022-04-19 23:07:47,12.4841,123.3827,80.06,76,9,7.74
487,Doume,CM,2022-04-19 23:07:47,4.2333,13.45,71.19,93,100,1.86
488,Valparaiso,CL,2022-04-19 23:05:21,-33.0393,-71.6273,56.84,83,75,5.75
489,Road Town,VG,2022-04-19 23:07:48,18.4167,-64.6167,78.89,73,40,10.36
490,Nemuro,JP,2022-04-19 23:07:48,43.3236,145.575,41.29,77,0,12.73
491,Usinsk,RU,2022-04-19 23:07:48,65.9939,57.5281,27.0,87,100,17.09
492,Minnedosa,CA,2022-04-19 23:07:49,50.2453,-99.8436,28.67,92,100,17.02
493,Hvolsvollur,IS,2022-04-19 23:07:49,63.7533,-20.2243,41.9,72,100,8.23
494,High Level,CA,2022-04-19 23:05:20,58.5169,-117.136,31.21,67,100,6.98
495,Chudniv,UA,2022-04-19 23:07:50,50.052,28.1175,32.5,83,15,7.27
496,Shingu,JP,2022-04-19 23:07:50,33.7333,135.9833,63.84,50,95,4.12
497,Najran,SA,2022-04-19 23:07:50,17.4924,44.1277,72.01,22,5,2.71
498,Omboue,GA,2022-04-19 23:07:51,-1.5746,9.2618,77.05,92,100,6.42
499,Ucluelet,CA,2022-04-19 23:07:51,48.9329,-125.5528,50.09,78,23,3.0
500,Alta Floresta,BR,2022-04-19 23:07:51,-9.8756,-56.0861,73.67,92,88,2.77
501,Ukiah,US,2022-04-19 23:07:52,39.1502,-123.2078,62.17,60,75,3.44
502,Zaranj,AF,2022-04-19 23:07:52,30.9667,61.8833,69.49,21,0,5.7
503,Tungor,RU,2022-04-19 23:07:52,53.3808,142.9564,35.98,91,99,6.42
504,Aklavik,CA,2022-04-19 23:05:48,68.2191,-135.0107,24.75,76,25,4.85
505,Jiaojiang,CN,2022-04-19 23:05:17,28.6803,121.4428,59.0,74,93,2.19
506,Rawson,AR,2022-04-19 23:07:53,-43.3002,-65.1023,62.53,43,82,3.47
507,Ryotsu,JP,2022-04-19 23:08:53,38.0833,138.4333,53.2,48,0,3.87
508,Sibolga,ID,2022-04-19 23:08:53,1.7427,98.7792,75.9,89,100,3.51
509,Emerald,AU,2022-04-19 23:08:54,-23.5333,148.1667,75.34,70,1,6.4
510,Gibara,CU,2022-04-19 23:08:54,21.1097,-76.1317,70.92,82,33,7.34
511,Nueva Imperial,CL,2022-04-19 23:08:55,-38.7333,-72.95,52.45,95,100,1.19
512,Nobeoka,JP,2022-04-19 23:08:55,32.5833,131.6667,63.07,52,6,2.01
513,Pisco,PE,2022-04-19 23:08:55,-13.7,-76.2167,66.25,82,0,17.27
514,Ruthin,GB,2022-04-19 23:08:56,53.1137,-3.3178,48.25,90,87,2.73
515,Fram,PY,2022-04-19 23:08:56,-26.9833,-55.8833,73.99,83,1,4.25
516,Vanimo,PG,2022-04-19 23:08:56,-2.6741,141.3028,80.47,84,100,4.81
517,Tigil,RU,2022-04-19 23:08:57,57.8,158.6667,23.59,87,50,3.65
518,Los Llanos De Aridane,ES,2022-04-19 23:08:57,28.6585,-17.9182,62.35,71,100,21.0
519,Cuenca,EC,2022-04-19 23:08:57,-2.8833,-78.9833,57.33,100,75,5.75
520,Gamboma,CG,2022-04-19 23:08:57,-1.8764,15.8644,73.89,93,100,4.43
521,Brae,GB,2022-04-19 23:08:58,60.3964,-1.353,44.91,87,5,4.56
522,Alyangula,AU,2022-04-19 23:08:58,-13.8483,136.4192,82.9,73,54,12.68
523,Rio Grande,BR,2022-04-19 23:08:58,-32.035,-52.0986,66.63,85,0,11.72
524,Nador,MA,2022-04-19 23:08:59,35.174,-2.9287,61.05,67,0,18.41
525,Barcelos,PT,2022-04-19 23:07:50,41.5388,-8.6151,49.84,71,5,12.48
526,Cidreira,BR,2022-04-19 23:05:32,-30.1811,-50.2056,68.11,82,0,9.73
527,Maroantsetra,MG,2022-04-19 23:08:59,-15.4333,49.7333,76.8,89,90,5.95
528,Xinqing,CN,2022-04-19 23:09:00,48.2333,129.5,59.47,30,78,9.82
529,Mecca,SA,2022-04-19 23:07:29,21.4267,39.8261,82.76,37,44,4.54
530,Papara,BR,2022-04-19 23:09:00,-3.9839,-38.7273,81.68,95,95,1.77
531,Jishou,CN,2022-04-19 23:09:01,28.3167,109.7167,61.03,82,99,0.56
532,Fukue,JP,2022-04-19 23:09:01,32.6881,128.8419,63.52,53,8,5.79
533,Shelburne,CA,2022-04-19 23:08:56,44.0787,-80.2041,33.12,99,100,21.03
534,Hualmay,PE,2022-04-19 23:09:01,-11.0964,-77.6139,68.16,82,61,9.98
535,Pangnirtung,CA,2022-04-19 23:09:02,66.1451,-65.7125,1.33,81,84,6.04
536,Codrington,AU,2022-04-19 23:09:02,-38.2667,141.9667,58.87,79,53,8.43
537,Aktanysh,RU,2022-04-19 23:09:03,55.7216,54.0829,39.87,98,100,6.73
538,Letlhakane,BW,2022-04-19 23:09:03,-21.4167,25.5833,60.78,67,0,13.29
539,Mayumba,GA,2022-04-19 23:09:03,-3.432,10.6554,75.96,93,100,8.7
540,Misratah,LY,2022-04-19 23:09:04,32.3754,15.0925,60.46,64,0,12.88
541,Sabla,NG,2022-04-19 23:09:04,12.7525,4.7077,88.65,29,99,5.17
542,Casablanca,MA,2022-04-19 23:09:04,33.5928,-7.6192,61.02,63,30,11.01
543,Mae Hong Son,TH,2022-04-19 23:09:05,19.3003,97.9685,69.67,93,11,1.52
544,Kualakapuas,ID,2022-04-19 23:09:05,-3.0091,114.3876,74.12,99,100,1.52
545,Pointe-Noire,CG,2022-04-19 23:09:05,-4.7761,11.8635,74.52,91,100,3.33
546,Hay River,CA,2022-04-19 23:09:06,60.8156,-115.7999,27.77,66,52,5.86
547,Lahaina,US,2022-04-19 23:04:39,20.8783,-156.6825,82.4,84,9,9.69
548,Mildura,AU,2022-04-19 23:09:06,-34.2,142.15,54.07,90,0,9.71
549,Mityana,UG,2022-04-19 23:09:06,0.4175,32.0228,63.68,99,99,1.59
550,Santa Cecilia,BR,2022-04-19 23:10:07,-26.9608,-50.4269,52.9,90,35,1.05
551,Borba,BR,2022-04-19 23:10:07,-4.3878,-59.5939,75.54,95,100,1.5
552,La Tuque,CA,2022-04-19 23:10:08,47.4334,-72.7824,35.26,99,100,6.33
553,Kuytun,RU,2022-04-19 23:10:08,54.3419,101.5036,30.16,70,93,10.74
554,Batabano,CU,2022-04-19 23:10:08,22.7164,-82.2881,81.21,51,3,18.77
555,Shubarshi,KZ,2022-04-19 23:10:09,48.5872,57.1869,55.76,48,34,7.9
556,Erenhot,CN,2022-04-19 23:05:21,43.6475,111.9767,54.09,19,47,25.81
557,Arlit,NE,2022-04-19 23:10:09,18.7369,7.3853,82.0,13,1,6.8
558,Raudeberg,NO,2022-04-19 23:10:09,61.9875,5.1352,43.47,82,57,7.72
559,Ramona,US,2022-04-19 23:10:10,33.0417,-116.8681,73.17,56,0,14.97
560,Kapit,MY,2022-04-19 23:10:10,2.0167,112.9333,72.34,100,98,1.61
561,Caravelas,BR,2022-04-19 23:10:10,-17.7125,-39.2481,74.79,71,8,6.51
562,Hambantota,LK,2022-04-19 23:10:11,6.1241,81.1185,79.14,85,99,7.9
563,Kupang,ID,2022-04-19 23:10:11,-10.1667,123.5833,77.81,80,94,4.45
564,Makokou,GA,2022-04-19 23:10:11,0.5738,12.8642,70.39,98,100,2.91
565,Noumea,NC,2022-04-19 23:10:12,-22.2763,166.4572,82.38,99,0,5.79
566,Sao Gabriel Da Cachoeira,BR,2022-04-19 23:10:12,-0.1303,-67.0892,73.87,98,100,2.84
567,Bac Lieu,VN,2022-04-19 23:10:13,9.285,105.7244,82.53,74,80,16.13
568,Linxia,CN,2022-04-19 23:10:13,35.6003,103.2064,39.15,33,0,3.98
569,Khasan,RU,2022-04-19 23:10:13,42.4308,130.6434,46.67,80,1,3.8
570,Moorhead,US,2022-04-19 23:10:14,46.8739,-96.7676,37.98,66,100,24.16
571,Mastic Beach,US,2022-04-19 23:10:14,40.7668,-72.8521,50.2,45,0,18.01
572,Soyo,AO,2022-04-19 23:10:14,-6.1349,12.3689,74.91,93,100,9.8
573,Caraballeda,VE,2022-04-19 23:10:15,10.6112,-66.8522,84.27,82,40,2.3
574,Puerto Escondido,MX,2022-04-19 23:10:15,15.85,-97.0667,85.03,70,40,9.22
575,Orasje,BA,2022-04-19 23:10:15,45.0356,18.6933,44.58,94,100,1.9
576,Hare Bay,CA,2022-04-19 23:10:16,48.8499,-54.0148,31.19,72,100,11.43
577,Saint-Pierre,RE,2022-04-19 23:10:16,-21.3393,55.4781,78.48,81,75,5.75
578,Aswan,EG,2022-04-19 23:10:16,24.0934,32.907,76.06,22,0,18.86
579,Porto Novo,BJ,2022-04-19 23:10:17,6.4965,2.6036,80.55,81,100,4.54
580,Idenao,CM,2022-04-19 23:10:17,4.2475,9.0047,77.11,89,99,1.14
581,Genhe,CN,2022-04-19 23:10:18,50.7833,121.5167,46.13,80,100,4.61
582,Oranjemund,NA,2022-04-19 23:10:18,-28.55,16.4333,71.35,35,1,0.63
583,Koping,SE,2022-04-19 23:10:18,59.514,15.9926,39.88,77,1,3.58
584,Namibe,AO,2022-04-19 23:10:19,-15.1961,12.1522,75.51,79,100,2.28
585,Zlobin,HR,2022-04-19 23:10:19,45.2924,14.6541,40.37,67,75,18.41
586,Kalmunai,LK,2022-04-19 23:10:19,7.4167,81.8167,79.92,82,99,1.9
587,Ikoma,JP,2022-04-19 23:10:20,34.6833,135.7,60.8,42,8,3.04
588,Burgeo,CA,2022-04-19 23:10:20,47.6167,-57.6152,35.35,85,100,24.63
